id,name
0,aaa
1,bbb
2,ccc
3,ddd
4,eee
5,fff
6,ggg
7,hhh
8,iii
9,jjj
10,kkk
11,lll
12,mmm
13,nnn
14,ooo
15,ppp
16,qqq
17,rrr
18,sss
19,ttt
20,uuu
21,vvv
22,www
23,xxx
24,yyy
25,zzz
26,a1
27,b1
28,c1
29,d1
30,e1
31,f1
32,g1
33,h1
34,i1
35,j1
36,k1
37,a2
38,b2
39,c2
40,d2
41,e2
42,f2
43,g2
44,h2
45,i2
46,j2
47,k2
48,a3
49,b3
50,c3
51,d3
52,e3
53,f3
54,g3
55,h3
56,i3
57,j3
58,k3
59,a4
60,b4
61,c4
62,d4
63,e4
64,f4
65,g4
66,h4
67,i4
68,j4
69,k4
70,a5
71,b5
72,c5
73,d5
74,e5
75,f5
76,g5
77,h5
78,i5
79,j5
80,k5
81,a6
82,b6
83,c6
84,d6
85,e6
86,f6
87,g6
88,h6
89,i6
90,j6
91,k6
92,a7
93,b7
94,c7
95,d7
96,e7
97,f7
98,g7
99,h7
